{
  "type": "FeatureCollection",
  "features": [
    {
      "type": "Feature",
      "properties": {
        "name": null
      },
      "geometry": {
        "type": "Polygon",
        "coordinates": [
          [
            [
              6.6840235,
              7.8674299
            ],
            [
              6.68403,
              7.8672968
            ],
            [
              6.6840793,
              7.8672991
            ],
            [
              6.6840838,
              7.8672064
            ],
            [
              6.6844708,
              7.867225
            ],
            [
              6.6844661,
              7.8673195
            ],
            [
              6.6843587,
              7.8673144
            ],
            [
              6.6843554,
              7.8673818
            ],
            [
              6.6845404,
              7.8673907
            ],
            [
              6.6845466,
              7.8672646
            ],
            [
              6.6846813,
              7.8672711
            ],
            [
              6.6846751,
              7.8673964
            ],
            [
              6.6845961,
              7.8673926
            ],
            [
              6.6845913,
              7.8674904
            ],
            [
              6.6842128,
              7.8674722
            ],
            [
              6.6842165,
              7.8673959
            ],
            [
              6.6842781,
              7.8673989
            ],
            [
              6.6842824,
              7.8673132
            ],
            [
              6.6841337,
              7.867306
            ],
            [
              6.6841304,
              7.8673732
            ],
            [
              6.6841273,
              7.8674349
            ],
            [
              6.6840235,
              7.8674299
            ]
          ]
        ]
      }
    },
    {
      "type": "Feature",
      "properties": {
        "name": "Library"
      },
      "geometry": {
        "type": "Polygon",
        "coordinates": [
          [
            [
              6.6862583,
              7.8685261
            ],
            [
              6.6864878,
              7.8685358
            ],
            [
              6.68649,
              7.8684842
            ],
            [
              6.6865993,
              7.8684888
            ],
            [
              6.6866091,
              7.8682615
            ],
            [
              6.6865038,
              7.868257
            ],
            [
              6.6865071,
              7.8681814
            ],
            [
              6.6863941,
              7.8681766
            ],
            [
              6.6863883,
              7.868311
            ],
            [
              6.6862678,
              7.8683059
            ],
            [
              6.6862583,
              7.8685261
            ]
          ]
        ]
      }
    },
    {
      "type": "Feature",
      "properties": {
        "name": null
      },
      "geometry": {
        "type": "Polygon",
        "coordinates": [
          [
            [
              6.6868558,
              7.8684925
            ],
            [
              6.6869064,
              7.8684972
            ],
            [
              6.6869165,
              7.8683903
            ],
            [
              6.6868658,
              7.8683856
            ],
            [
              6.6868558,
              7.8684925
            ]
          ]
        ]
      }
    },
    {
      "type": "Feature",
      "properties": {
        "name": null
      },
      "geometry": {
        "type": "Polygon",
        "coordinates": [
          [
            [
              6.6853604,
              7.8693832
            ],
            [
              6.6855173,
              7.8693686
            ],
            [
              6.6855062,
              7.8692522
            ],
            [
              6.6853493,
              7.8692668
            ],
            [
              6.6853604,
              7.8693832
            ]
          ]
        ]
      }
    },
    {
      "type": "Feature",
      "properties": {
        "name": null
      },
      "geometry": {
        "type": "Polygon",
        "coordinates": [
          [
            [
              6.6849104,
              7.8694782
            ],
            [
              6.6850178,
              7.8694836
            ],
            [
              6.6850204,
              7.8694331
            ],
            [
              6.684913,
              7.8694276
            ],
            [
              6.6849104,
              7.8694782
            ]
          ]
        ]
      }
    },
    {
      "type": "Feature",
      "properties": {
        "name": "central for atomspheric research national space research and development agency"
      },
      "geometry": {
        "type": "Polygon",
        "coordinates": [
          [
            [
              6.6841254,
              7.870202
            ],
            [
              6.6842513,
              7.8702075
            ],
            [
              6.6842596,
              7.8697259
            ],
            [
              6.6841438,
              7.8697472
            ],
            [
              6.6841254,
              7.870202
            ]
          ]
        ]
      }
    },
    {
      "type": "Feature",
      "properties": {
        "name": null
      },
      "geometry": {
        "type": "Polygon",
        "coordinates": [
          [
            [
              6.6839562,
              7.8693985
            ],
            [
              6.6840558,
              7.8694035
            ],
            [
              6.6840582,
              7.8693567
            ],
            [
              6.6839586,
              7.8693517
            ],
            [
              6.6839562,
              7.8693985
            ]
          ]
        ]
      }
    },
    {
      "type": "Feature",
      "properties": {
        "name": null
      },
      "geometry": {
        "type": "Polygon",
        "coordinates": [
          [
            [
              6.6849111,
              7.8690764
            ],
            [
              6.6850204,
              7.869077
            ],
            [
              6.6850358,
              7.8690059
            ],
            [
              6.6850124,
              7.8689787
            ],
            [
              6.6850613,
              7.8689316
            ],
            [
              6.6850533,
              7.8688107
            ],
            [
              6.6850117,
              7.8687589
            ],
            [
              6.6849594,
              7.8687496
            ],
            [
              6.684887,
              7.868818
            ],
            [
              6.684891,
              7.8689488
            ],
            [
              6.6849319,
              7.868988
            ],
            [
              6.6849205,
              7.8690093
            ],
            [
              6.6849017,
              7.8690059
            ],
            [
              6.6849111,
              7.8690764
            ]
          ]
        ]
      }
    },
    {
      "type": "Feature",
      "properties": {
        "name": null
      },
      "geometry": {
        "type": "Polygon",
        "coordinates": [
          [
            [
              6.6848651,
              7.8687611
            ],
            [
              6.6848219,
              7.8687032
            ],
            [
              6.6848478,
              7.8686843
            ],
            [
              6.6848115,
              7.8686355
            ],
            [
              6.6849952,
              7.8685012
            ],
            [
              6.6851223,
              7.868672
            ],
            [
              6.6850778,
              7.8687045
            ],
            [
              6.6850981,
              7.8687317
            ],
            [
              6.685038,
              7.8687756
            ],
            [
              6.68497,
              7.8686844
            ],
            [
              6.6848651,
              7.8687611
            ]
          ]
        ]
      }
    },
    {
      "type": "Feature",
      "properties": {
        "name": null
      },
      "geometry": {
        "type": "Polygon",
        "coordinates": [
          [
            [
              6.6845202,
              7.8687243
            ],
            [
              6.6846025,
              7.8687273
            ],
            [
              6.684604,
              7.8686871
            ],
            [
              6.6845217,
              7.8686841
            ],
            [
              6.6845202,
              7.8687243
            ]
          ]
        ]
      }
    },
    {
      "type": "Feature",
      "properties": {
        "name": null
      },
      "geometry": {
        "type": "Polygon",
        "coordinates": [
          [
            [
              6.683981,
              7.8690083
            ],
            [
              6.6839826,
              7.8689737
            ],
            [
              6.6839142,
              7.8689704
            ],
            [
              6.6839234,
              7.8687811
            ],
            [
              6.6839906,
              7.8687843
            ],
            [
              6.6839929,
              7.8687357
            ],
            [
              6.6841581,
              7.8687436
            ],
            [
              6.6841566,
              7.8687729
            ],
            [
              6.684235,
              7.8687767
            ],
            [
              6.6842259,
              7.8689621
            ],
            [
              6.684152,
              7.8689586
            ],
            [
              6.6841492,
              7.8690163
            ],
            [
              6.683981,
              7.8690083
            ]
          ]
        ]
      }
    },
    {
      "type": "Feature",
      "properties": {
        "name": null
      },
      "geometry": {
        "type": "Polygon",
        "coordinates": [
          [
            [
              6.6837162,
              7.8689741
            ],
            [
              6.6836659,
              7.8689701
            ],
            [
              6.6836168,
              7.8689365
            ],
            [
              6.6836122,
              7.8687974
            ],
            [
              6.683682,
              7.8687223
            ],
            [
              6.6837289,
              7.868721
            ],
            [
              6.6837839,
              7.868804
            ],
            [
              6.6837819,
              7.8689116
            ],
            [
              6.6837162,
              7.8689741
            ]
          ]
        ]
      }
    },
    {
      "type": "Feature",
      "properties": {
        "name": null
      },
      "geometry": {
        "type": "Polygon",
        "coordinates": [
          [
            [
              6.6837071,
              7.8684581
            ],
            [
              6.6839001,
              7.8686281
            ],
            [
              6.6838161,
              7.8687216
            ],
            [
              6.6837153,
              7.8686328
            ],
            [
              6.6836138,
              7.8687459
            ],
            [
              6.6835216,
              7.8686647
            ],
            [
              6.6837071,
              7.8684581
            ]
          ]
        ]
      }
    },
    {
      "type": "Feature",
      "properties": {
        "name": null
      },
      "geometry": {
        "type": "Polygon",
        "coordinates": [
          [
            [
              6.6836502,
              7.8690423
            ],
            [
              6.6837626,
              7.8690483
            ],
            [
              6.6837658,
              7.8689893
            ],
            [
              6.6836534,
              7.8689833
            ],
            [
              6.6836502,
              7.8690423
            ]
          ]
        ]
      }
    },
    {
      "type": "Feature",
      "properties": {
        "name": null
      },
      "geometry": {
        "type": "Polygon",
        "coordinates": [
          [
            [
              6.6827633,
              7.868529
            ],
            [
              6.6828025,
              7.8685311
            ],
            [
              6.6828082,
              7.8684267
            ],
            [
              6.6827691,
              7.8684246
            ],
            [
              6.6827633,
              7.868529
            ]
          ]
        ]
      }
    },
    {
      "type": "Feature",
      "properties": {
        "name": null
      },
      "geometry": {
        "type": "Polygon",
        "coordinates": [
          [
            [
              6.6832228,
              7.8690091
            ],
            [
              6.683226,
              7.868952
            ],
            [
              6.6831459,
              7.8689476
            ],
            [
              6.6831558,
              7.8687685
            ],
            [
              6.6832356,
              7.8687728
            ],
            [
              6.6832376,
              7.8687358
            ],
            [
              6.6834022,
              7.8687447
            ],
            [
              6.683404,
              7.868713
            ],
            [
              6.683429,
              7.8687143
            ],
            [
              6.6834304,
              7.8686895
            ],
            [
              6.6834892,
              7.8686926
            ],
            [
              6.6834737,
              7.8689744
            ],
            [
              6.6833884,
              7.8689698
            ],
            [
              6.6833858,
              7.8690179
            ],
            [
              6.6832228,
              7.8690091
            ]
          ]
        ]
      }
    },
    {
      "type": "Feature",
      "properties": {
        "name": "Gate"
      },
      "geometry": {
        "type": "Polygon",
        "coordinates": [
          [
            [
              6.6840495,
              7.8534559
            ],
            [
              6.6841758,
              7.8534741
            ],
            [
              6.6842688,
              7.8534864
            ],
            [
              6.6842765,
              7.8534097
            ],
            [
              6.6841856,
              7.8533967
            ],
            [
              6.6840572,
              7.8533791
            ],
            [
              6.6840495,
              7.8534559
            ]
          ]
        ]
      }
    },
    {
      "type": "Feature",
      "properties": {
        "name": null
      },
      "geometry": {
        "type": "Polygon",
        "coordinates": [
          [
            [
              6.6851833,
              7.8493985
            ],
            [
              6.6852665,
              7.8494563
            ],
            [
              6.6853229,
              7.8493766
            ],
            [
              6.6852398,
              7.8493188
            ],
            [
              6.6851833,
              7.8493985
            ]
          ]
        ]
      }
    },
    {
      "type": "Feature",
      "properties": {
        "name": null
      },
      "geometry": {
        "type": "Polygon",
        "coordinates": [
          [
            [
              6.6852739,
              7.8498017
            ],
            [
              6.6853342,
              7.8498343
            ],
            [
              6.685362,
              7.8497838
            ],
            [
              6.6853016,
              7.8497512
            ],
            [
              6.6852739,
              7.8498017
            ]
          ]
        ]
      }
    },
    {
      "type": "Feature",
      "properties": {
        "name": null
      },
      "geometry": {
        "type": "Polygon",
        "coordinates": [
          [
            [
              6.685349,
              7.8497579
            ],
            [
              6.6853916,
              7.8497713
            ],
            [
              6.6854218,
              7.8496777
            ],
            [
              6.6853791,
              7.8496642
            ],
            [
              6.685349,
              7.8497579
            ]
          ]
        ]
      }
    },
    {
      "type": "Feature",
      "properties": {
        "name": "Faculty of Education"
      },
      "geometry": {
        "type": "Polygon",
        "coordinates": [
          [
            [
              6.683216,
              7.8609121
            ],
            [
              6.6832964,
              7.8610051
            ],
            [
              6.683287,
              7.8612244
            ],
            [
              6.6834218,
              7.8612283
            ],
            [
              6.6834526,
              7.8608072
            ],
            [
              6.6830047,
              7.86077
            ],
            [
              6.682994,
              7.8608962
            ],
            [
              6.683216,
              7.8609121
            ]
          ]
        ]
      }
    },
    {
      "type": "Feature",
      "properties": {
        "name": null
      },
      "geometry": {
        "type": "Polygon",
        "coordinates": [
          [
            [
              6.682821,
              7.8490883
            ],
            [
              6.6828995,
              7.8491028
            ],
            [
              6.682896,
              7.8491214
            ],
            [
              6.6829478,
              7.849131
            ],
            [
              6.6829513,
              7.8491124
            ],
            [
              6.68299,
              7.8491195
            ],
            [
              6.683,
              7.8490664
            ],
            [
              6.682831,
              7.8490352
            ],
            [
              6.682821,
              7.8490883
            ]
          ]
        ]
      }
    },
    {
      "type": "Feature",
      "properties": {
        "name": null
      },
      "geometry": {
        "type": "Polygon",
        "coordinates": [
          [
            [
              6.6830342,
              7.8490132
            ],
            [
              6.6830845,
              7.8490285
            ],
            [
              6.683095,
              7.8489947
            ],
            [
              6.6830447,
              7.8489794
            ],
            [
              6.6830342,
              7.8490132
            ]
          ]
        ]
      }
    },
    {
      "type": "Feature",
      "properties": {
        "name": null
      },
      "geometry": {
        "type": "Polygon",
        "coordinates": [
          [
            [
              6.6830268,
              7.8490883
            ],
            [
              6.68306,
              7.8490965
            ],
            [
              6.6830741,
              7.8490407
            ],
            [
              6.6830409,
              7.8490325
            ],
            [
              6.6830268,
              7.8490883
            ]
          ]
        ]
      }
    },
    {
      "type": "Feature",
      "properties": {
        "name": null
      },
      "geometry": {
        "type": "Polygon",
        "coordinates": [
          [
            [
              6.6829833,
              7.8488272
            ],
            [
              6.6831724,
              7.8488611
            ],
            [
              6.6831823,
              7.8488064
            ],
            [
              6.6829932,
              7.8487726
            ],
            [
              6.6829833,
              7.8488272
            ]
          ]
        ]
      }
    },
    {
      "type": "Feature",
      "properties": {
        "name": null
      },
      "geometry": {
        "type": "Polygon",
        "coordinates": [
          [
            [
              6.6829129,
              7.8479816
            ],
            [
              6.6829675,
              7.8480545
            ],
            [
              6.6832183,
              7.8478698
            ],
            [
              6.6831636,
              7.8477969
            ],
            [
              6.6829129,
              7.8479816
            ]
          ]
        ]
      }
    },
    {
      "type": "Feature",
      "properties": {
        "name": null
      },
      "geometry": {
        "type": "Polygon",
        "coordinates": [
          [
            [
              6.686841,
              7.8686174
            ],
            [
              6.6868841,
              7.8686214
            ],
            [
              6.6868899,
              7.8685599
            ],
            [
              6.6868468,
              7.8685559
            ],
            [
              6.686841,
              7.8686174
            ]
          ]
        ]
      }
    },
    {
      "type": "Feature",
      "properties": {
        "name": "Twin Theatre"
      },
      "geometry": {
        "type": "Polygon",
        "coordinates": [
          [
            [
              6.6832784,
              7.8627115
            ],
            [
              6.6832625,
              7.8626937
            ],
            [
              6.683323,
              7.8626404
            ],
            [
              6.6832667,
              7.8625776
            ],
            [
              6.6832808,
              7.8625652
            ],
            [
              6.6833049,
              7.862592
            ],
            [
              6.6833479,
              7.8625541
            ],
            [
              6.6831958,
              7.8623846
            ],
            [
              6.6831495,
              7.8624254
            ],
            [
              6.6830644,
              7.8625003
            ],
            [
              6.6831308,
              7.8625743
            ],
            [
              6.6831061,
              7.862574
            ],
            [
              6.6831059,
              7.8626607
            ],
            [
              6.6831258,
              7.8626607
            ],
            [
              6.6830461,
              7.8627248
            ],
            [
              6.6831403,
              7.8628297
            ],
            [
              6.6831704,
              7.8628032
            ],
            [
              6.6832014,
              7.8628377
            ],
            [
              6.6833077,
              7.8627441
            ],
            [
              6.6833288,
              7.8627254
            ],
            [
              6.6832995,
              7.8626929
            ],
            [
              6.6832784,
              7.8627115
            ]
          ]
        ]
      }
    },
    {
      "type": "Feature",
      "properties": {
        "name": "LT A"
      },
      "geometry": {
        "type": "Polygon",
        "coordinates": [
          [
            [
              6.6819768,
              7.8628478
            ],
            [
              6.682175,
              7.8628555
            ],
            [
              6.6821739,
              7.8628842
            ],
            [
              6.6822209,
              7.862886
            ],
            [
              6.682222,
              7.8628573
            ],
            [
              6.6822503,
              7.8628584
            ],
            [
              6.6822574,
              7.8626808
            ],
            [
              6.6819838,
              7.8626702
            ],
            [
              6.6819768,
              7.8628478
            ]
          ]
        ]
      }
    },
    {
      "type": "Feature",
      "properties": {
        "name": null
      },
      "geometry": {
        "type": "Polygon",
        "coordinates": [
          [
            [
              6.6822329,
              7.863051
            ],
            [
              6.6823938,
              7.8630875
            ],
            [
              6.6824013,
              7.8630553
            ],
            [
              6.6823688,
              7.8630479
            ],
            [
              6.6823765,
              7.8630146
            ],
            [
              6.6823296,
              7.8630039
            ],
            [
              6.6823257,
              7.8630209
            ],
            [
              6.6822442,
              7.8630024
            ],
            [
              6.6822329,
              7.863051
            ]
          ]
        ]
      }
    },
    {
      "type": "Feature",
      "properties": {
        "name": null
      },
      "geometry": {
        "type": "Polygon",
        "coordinates": [
          [
            [
              6.6821732,
              7.863059
            ],
            [
              6.6822202,
              7.8630683
            ],
            [
              6.6822275,
              7.8630319
            ],
            [
              6.6821806,
              7.8630226
            ],
            [
              6.6821732,
              7.863059
            ]
          ]
        ]
      }
    },
    {
      "type": "Feature",
      "properties": {
        "name": null
      },
      "geometry": {
        "type": "Polygon",
        "coordinates": [
          [
            [
              6.6822731,
              7.862513
            ],
            [
              6.6823281,
              7.8625142
            ],
            [
              6.6823308,
              7.8623973
            ],
            [
              6.6822758,
              7.8623961
            ],
            [
              6.6822731,
              7.862513
            ]
          ]
        ]
      }
    },
    {
      "type": "Feature",
      "properties": {
        "name": "Faculty of Law"
      },
      "geometry": {
        "type": "Polygon",
        "coordinates": [
          [
            [
              6.682477,
              7.861209
            ],
            [
              6.6825693,
              7.8612138
            ],
            [
              6.6825707,
              7.8611881
            ],
            [
              6.6825925,
              7.8611892
            ],
            [
              6.6825938,
              7.8611651
            ],
            [
              6.6826239,
              7.8611666
            ],
            [
              6.6826418,
              7.8608265
            ],
            [
              6.6826092,
              7.8608248
            ],
            [
              6.6826108,
              7.8607943
            ],
            [
              6.6825915,
              7.8607933
            ],
            [
              6.6825928,
              7.8607681
            ],
            [
              6.6825005,
              7.8607633
            ],
            [
              6.682477,
              7.861209
            ]
          ]
        ]
      }
    },
    {
      "type": "Feature",
      "properties": {
        "name": null
      },
      "geometry": {
        "type": "Polygon",
        "coordinates": [
          [
            [
              6.6826192,
              7.8606584
            ],
            [
              6.6826708,
              7.8606664
            ],
            [
              6.6826797,
              7.8606104
            ],
            [
              6.6827376,
              7.8606194
            ],
            [
              6.6827434,
              7.8605824
            ],
            [
              6.6826339,
              7.8605654
            ],
            [
              6.6826192,
              7.8606584
            ]
          ]
        ]
      }
    },
    {
      "type": "Feature",
      "properties": {
        "name": null
      },
      "geometry": {
        "type": "Polygon",
        "coordinates": [
          [
            [
              6.682996,
              7.8598879
            ],
            [
              6.683131,
              7.8598659
            ],
            [
              6.6831333,
              7.8598796
            ],
            [
              6.6831659,
              7.8598743
            ],
            [
              6.6831544,
              7.8598048
            ],
            [
              6.6830434,
              7.8598228
            ],
            [
              6.6830408,
              7.8598073
            ],
            [
              6.6829842,
              7.8598165
            ],
            [
              6.682996,
              7.8598879
            ]
          ]
        ]
      }
    },
    {
      "type": "Feature",
      "properties": {
        "name": "Faculty of Art"
      },
      "geometry": {
        "type": "Polygon",
        "coordinates": [
          [
            [
              6.6829384,
              7.8596787
            ],
            [
              6.6833182,
              7.8596747
            ],
            [
              6.6833156,
              7.8594353
            ],
            [
              6.6829358,
              7.8594394
            ],
            [
              6.6829384,
              7.8596787
            ]
          ]
        ]
      }
    },
    {
      "type": "Feature",
      "properties": {
        "name": null
      },
      "geometry": {
        "type": "Polygon",
        "coordinates": [
          [
            [
              6.6835137,
              7.8584517
            ],
            [
              6.6835443,
              7.8584535
            ],
            [
              6.6835484,
              7.8583858
            ],
            [
              6.6835177,
              7.858384
            ],
            [
              6.6835137,
              7.8584517
            ]
          ]
        ]
      }
    },
    {
      "type": "Feature",
      "properties": {
        "name": null
      },
      "geometry": {
        "type": "Polygon",
        "coordinates": [
          [
            [
              6.683277,
              7.858653
            ],
            [
              6.6833855,
              7.8586549
            ],
            [
              6.6833903,
              7.8583868
            ],
            [
              6.6833494,
              7.8583861
            ],
            [
              6.6833487,
              7.8584244
            ],
            [
              6.6832811,
              7.8584232
            ],
            [
              6.683277,
              7.858653
            ]
          ]
        ]
      }
    },
    {
      "type": "Feature",
      "properties": {
        "name": null
      },
      "geometry": {
        "type": "Polygon",
        "coordinates": [
          [
            [
              6.6830463,
              7.8583753
            ],
            [
              6.6832716,
              7.8583793
            ],
            [
              6.6832725,
              7.8583321
            ],
            [
              6.6833127,
              7.8583328
            ],
            [
              6.6833137,
              7.8582778
            ],
            [
              6.6830481,
              7.8582731
            ],
            [
              6.6830463,
              7.8583753
            ]
          ]
        ]
      }
    },
    {
      "type": "Feature",
      "properties": {
        "name": "E-Learning"
      },
      "geometry": {
        "type": "Polygon",
        "coordinates": [
          [
            [
              6.6819902,
              7.8633831
            ],
            [
              6.6820181,
              7.863625
            ],
            [
              6.6822204,
              7.8636021
            ],
            [
              6.6822161,
              7.8635648
            ],
            [
              6.6823772,
              7.8635465
            ],
            [
              6.6823568,
              7.8633696
            ],
            [
              6.6823312,
              7.8633725
            ],
            [
              6.682328,
              7.8633449
            ],
            [
              6.6819902,
              7.8633831
            ]
          ]
        ]
      }
    },
    {
      "type": "Feature",
      "properties": {
        "name": null
      },
      "geometry": {
        "type": "Polygon",
        "coordinates": [
          [
            [
              6.6810601,
              7.8683291
            ],
            [
              6.6810991,
              7.8683469
            ],
            [
              6.6811072,
              7.8683294
            ],
            [
              6.6811307,
              7.8683401
            ],
            [
              6.6811588,
              7.8682799
            ],
            [
              6.6810963,
              7.8682514
            ],
            [
              6.6810601,
              7.8683291
            ]
          ]
        ]
      }
    },
    {
      "type": "Feature",
      "properties": {
        "name": null
      },
      "geometry": {
        "type": "Polygon",
        "coordinates": [
          [
            [
              6.6807953,
              7.8677353
            ],
            [
              6.6808106,
              7.8677363
            ],
            [
              6.6808224,
              7.8677461
            ],
            [
              6.6808261,
              7.8677609
            ],
            [
              6.6808204,
              7.867775
            ],
            [
              6.6808073,
              7.8677831
            ],
            [
              6.680792,
              7.867782
            ],
            [
              6.6807802,
              7.8677722
            ],
            [
              6.6807765,
              7.8677575
            ],
            [
              6.6807822,
              7.8677433
            ],
            [
              6.6807953,
              7.8677353
            ]
          ]
        ]
      }
    },
    {
      "type": "Feature",
      "properties": {
        "name": null
      },
      "geometry": {
        "type": "Polygon",
        "coordinates": [
          [
            [
              6.6807322,
              7.8676449
            ],
            [
              6.6807422,
              7.8676543
            ],
            [
              6.6807462,
              7.8676675
            ],
            [
              6.6807429,
              7.8676808
            ],
            [
              6.6807334,
              7.8676907
            ],
            [
              6.6807202,
              7.8676946
            ],
            [
              6.6807067,
              7.8676914
            ],
            [
              6.6806967,
              7.867682
            ],
            [
              6.6806928,
              7.8676689
            ],
            [
              6.680696,
              7.8676556
            ],
            [
              6.6807055,
              7.8676456
            ],
            [
              6.6807188,
              7.8676417
            ],
            [
              6.6807322,
              7.8676449
            ]
          ]
        ]
      }
    },
    {
      "type": "Feature",
      "properties": {
        "name": null
      },
      "geometry": {
        "type": "Polygon",
        "coordinates": [
          [
            [
              6.6807751,
              7.8678203
            ],
            [
              6.6807893,
              7.8678223
            ],
            [
              6.6807996,
              7.8678321
            ],
            [
              6.6808021,
              7.8678461
            ],
            [
              6.6807958,
              7.8678588
            ],
            [
              6.6807832,
              7.8678655
            ],
            [
              6.680769,
              7.8678635
            ],
            [
              6.6807587,
              7.8678536
            ],
            [
              6.6807562,
              7.8678397
            ],
            [
              6.6807625,
              7.8678269
            ],
            [
              6.6807751,
              7.8678203
            ]
          ]
        ]
      }
    },
    {
      "type": "Feature",
      "properties": {
        "name": null
      },
      "geometry": {
        "type": "Polygon",
        "coordinates": [
          [
            [
              6.6815758,
              7.8652616
            ],
            [
              6.6815875,
              7.8652615
            ],
            [
              6.6815959,
              7.8652696
            ],
            [
              6.681596,
              7.8652812
            ],
            [
              6.6815878,
              7.8652895
            ],
            [
              6.6815761,
              7.8652897
            ],
            [
              6.6815677,
              7.8652815
            ],
            [
              6.6815676,
              7.8652699
            ],
            [
              6.6815758,
              7.8652616
            ]
          ]
        ]
      }
    },
    {
      "type": "Feature",
      "properties": {
        "name": null
      },
      "geometry": {
        "type": "Polygon",
        "coordinates": [
          [
            [
              6.6817126,
              7.8653094
            ],
            [
              6.6817171,
              7.8653221
            ],
            [
              6.6817133,
              7.8653351
            ],
            [
              6.6817025,
              7.8653433
            ],
            [
              6.6816889,
              7.8653436
            ],
            [
              6.6816777,
              7.865336
            ],
            [
              6.6816731,
              7.8653233
            ],
            [
              6.681677,
              7.8653104
            ],
            [
              6.6816878,
              7.8653022
            ],
            [
              6.6817014,
              7.8653018
            ],
            [
              6.6817126,
              7.8653094
            ]
          ]
        ]
      }
    },
    {
      "type": "Feature",
      "properties": {
        "name": null
      },
      "geometry": {
        "type": "Polygon",
        "coordinates": [
          [
            [
              6.6815798,
              7.8653413
            ],
            [
              6.6815885,
              7.8653471
            ],
            [
              6.6815905,
              7.8653573
            ],
            [
              6.6815847,
              7.8653659
            ],
            [
              6.6815744,
              7.8653679
            ],
            [
              6.6815657,
              7.8653621
            ],
            [
              6.6815637,
              7.865352
            ],
            [
              6.6815695,
              7.8653433
            ],
            [
              6.6815798,
              7.8653413
            ]
          ]
        ]
      }
    },
    {
      "type": "Feature",
      "properties": {
        "name": null
      },
      "geometry": {
        "type": "Polygon",
        "coordinates": [
          [
            [
              6.6816911,
              7.8653652
            ],
            [
              6.6817034,
              7.8653703
            ],
            [
              6.6817115,
              7.8653807
            ],
            [
              6.6817132,
              7.8653938
            ],
            [
              6.6817081,
              7.865406
            ],
            [
              6.6816976,
              7.865414
            ],
            [
              6.6816844,
              7.8654157
            ],
            [
              6.6816721,
              7.8654107
            ],
            [
              6.681664,
              7.8654002
            ],
            [
              6.6816623,
              7.8653872
            ],
            [
              6.6816674,
              7.865375
            ],
            [
              6.6816779,
              7.865367
            ],
            [
              6.6816911,
              7.8653652
            ]
          ]
        ]
      }
    },
    {
      "type": "Feature",
      "properties": {
        "name": null
      },
      "geometry": {
        "type": "Polygon",
        "coordinates": [
          [
            [
              6.6816697,
              7.8654596
            ],
            [
              6.6816802,
              7.8654647
            ],
            [
              6.6816857,
              7.8654749
            ],
            [
              6.681684,
              7.8654864
            ],
            [
              6.6816758,
              7.8654948
            ],
            [
              6.6816643,
              7.8654968
            ],
            [
              6.6816538,
              7.8654917
            ],
            [
              6.6816483,
              7.8654814
            ],
            [
              6.6816499,
              7.8654699
            ],
            [
              6.6816581,
              7.8654616
            ],
            [
              6.6816697,
              7.8654596
            ]
          ]
        ]
      }
    },
    {
      "type": "Feature",
      "properties": {
        "name": null
      },
      "geometry": {
        "type": "Polygon",
        "coordinates": [
          [
            [
              6.6816321,
              7.8655605
            ],
            [
              6.6816458,
              7.8655572
            ],
            [
              6.6816589,
              7.8655625
            ],
            [
              6.6816664,
              7.8655744
            ],
            [
              6.6816654,
              7.8655884
            ],
            [
              6.6816562,
              7.8655991
            ],
            [
              6.6816425,
              7.8656024
            ],
            [
              6.6816294,
              7.8655971
            ],
            [
              6.6816219,
              7.8655852
            ],
            [
              6.681623,
              7.8655712
            ],
            [
              6.6816321,
              7.8655605
            ]
          ]
        ]
      }
    },
    {
      "type": "Feature",
      "properties": {
        "name": null
      },
      "geometry": {
        "type": "Polygon",
        "coordinates": [
          [
            [
              6.6815999,
              7.8656017
            ],
            [
              6.6816128,
              7.8656037
            ],
            [
              6.681622,
              7.8656128
            ],
            [
              6.6816241,
              7.8656255
            ],
            [
              6.6816182,
              7.865637
            ],
            [
              6.6816066,
              7.8656429
            ],
            [
              6.6815938,
              7.8656409
            ],
            [
              6.6815845,
              7.8656318
            ],
            [
              6.6815825,
              7.8656191
            ],
            [
              6.6815883,
              7.8656076
            ],
            [
              6.6815999,
              7.8656017
            ]
          ]
        ]
      }
    },
    {
      "type": "Feature",
      "properties": {
        "name": null
      },
      "geometry": {
        "type": "Polygon",
        "coordinates": [
          [
            [
              6.6815369,
              7.8656044
            ],
            [
              6.6815469,
              7.8656072
            ],
            [
              6.6815533,
              7.8656152
            ],
            [
              6.6815537,
              7.8656255
            ],
            [
              6.6815479,
              7.865634
            ],
            [
              6.6815382,
              7.8656376
            ],
            [
              6.6815282,
              7.8656348
            ],
            [
              6.6815218,
              7.8656267
            ],
            [
              6.6815214,
              7.8656165
            ],
            [
              6.6815272,
              7.8656079
            ],
            [
              6.6815369,
              7.8656044
            ]
          ]
        ]
      }
    },
    {
      "type": "Feature",
      "properties": {
        "name": null
      },
      "geometry": {
        "type": "Polygon",
        "coordinates": [
          [
            [
              6.6814806,
              7.8657319
            ],
            [
              6.6814937,
              7.8657318
            ],
            [
              6.6815043,
              7.8657394
            ],
            [
              6.6815085,
              7.8657517
            ],
            [
              6.6815045,
              7.8657641
            ],
            [
              6.681494,
              7.8657718
            ],
            [
              6.6814809,
              7.8657719
            ],
            [
              6.6814702,
              7.8657643
            ],
            [
              6.6814661,
              7.865752
            ],
            [
              6.68147,
              7.8657396
            ],
            [
              6.6814806,
              7.8657319
            ]
          ]
        ]
      }
    },
    {
      "type": "Feature",
      "properties": {
        "name": null
      },
      "geometry": {
        "type": "Polygon",
        "coordinates": [
          [
            [
              6.6812579,
              7.8656323
            ],
            [
              6.681273,
              7.8656309
            ],
            [
              6.6812868,
              7.8656373
            ],
            [
              6.6812955,
              7.8656495
            ],
            [
              6.6812968,
              7.8656645
            ],
            [
              6.6812904,
              7.8656781
            ],
            [
              6.681278,
              7.8656867
            ],
            [
              6.681263,
              7.8656881
            ],
            [
              6.6812492,
              7.8656817
            ],
            [
              6.6812405,
              7.8656695
            ],
            [
              6.6812392,
              7.8656545
            ],
            [
              6.6812455,
              7.8656409
            ],
            [
              6.6812579,
              7.8656323
            ]
          ]
        ]
      }
    },
    {
      "type": "Feature",
      "properties": {
        "name": null
      },
      "geometry": {
        "type": "Polygon",
        "coordinates": [
          [
            [
              6.6814511,
              7.8658727
            ],
            [
              6.6814628,
              7.8658674
            ],
            [
              6.6814754,
              7.86587
            ],
            [
              6.6814842,
              7.8658795
            ],
            [
              6.6814856,
              7.8658922
            ],
            [
              6.6814792,
              7.8659033
            ],
            [
              6.6814675,
              7.8659086
            ],
            [
              6.6814548,
              7.865906
            ],
            [
              6.6814461,
              7.8658965
            ],
            [
              6.6814447,
              7.8658838
            ],
            [
              6.6814511,
              7.8658727
            ]
          ]
        ]
      }
    },
    {
      "type": "Feature",
      "properties": {
        "name": null
      },
      "geometry": {
        "type": "Polygon",
        "coordinates": [
          [
            [
              6.6813679,
              7.8658462
            ],
            [
              6.6813735,
              7.8658567
            ],
            [
              6.6813699,
              7.8658681
            ],
            [
              6.6813593,
              7.8658736
            ],
            [
              6.6813478,
              7.8658701
            ],
            [
              6.6813422,
              7.8658595
            ],
            [
              6.6813458,
              7.8658481
            ],
            [
              6.6813564,
              7.8658426
            ],
            [
              6.6813679,
              7.8658462
            ]
          ]
        ]
      }
    },
    {
      "type": "Feature",
      "properties": {
        "name": null
      },
      "geometry": {
        "type": "Polygon",
        "coordinates": [
          [
            [
              6.6813464,
              7.8659126
            ],
            [
              6.6813568,
              7.8659185
            ],
            [
              6.6813599,
              7.8659299
            ],
            [
              6.6813539,
              7.8659401
            ],
            [
              6.6813424,
              7.8659431
            ],
            [
              6.6813321,
              7.8659373
            ],
            [
              6.681329,
              7.8659259
            ],
            [
              6.681335,
              7.8659156
            ],
            [
              6.6813464,
              7.8659126
            ]
          ]
        ]
      }
    },
    {
      "type": "Feature",
      "properties": {
        "name": null
      },
      "geometry": {
        "type": "Polygon",
        "coordinates": [
          [
            [
              6.6814055,
              7.8659843
            ],
            [
              6.6814199,
              7.8659829
            ],
            [
              6.6814323,
              7.8659902
            ],
            [
              6.6814381,
              7.8660033
            ],
            [
              6.681435,
              7.8660173
            ],
            [
              6.6814242,
              7.8660268
            ],
            [
              6.6814098,
              7.8660282
            ],
            [
              6.6813973,
              7.866021
            ],
            [
              6.6813915,
              7.8660079
            ],
            [
              6.6813946,
              7.8659938
            ],
            [
              6.6814055,
              7.8659843
            ]
          ]
        ]
      }
    },
    {
      "type": "Feature",
      "properties": {
        "name": null
      },
      "geometry": {
        "type": "Polygon",
        "coordinates": [
          [
            [
              6.6814256,
              7.8660587
            ],
            [
              6.6814371,
              7.8660555
            ],
            [
              6.6814483,
              7.8660596
            ],
            [
              6.6814549,
              7.8660695
            ],
            [
              6.6814544,
              7.8660813
            ],
            [
              6.681447,
              7.8660906
            ],
            [
              6.6814355,
              7.8660938
            ],
            [
              6.6814243,
              7.8660897
            ],
            [
              6.6814177,
              7.8660798
            ],
            [
              6.6814182,
              7.866068
            ],
            [
              6.6814256,
              7.8660587
            ]
          ]
        ]
      }
    },
    {
      "type": "Feature",
      "properties": {
        "name": null
      },
      "geometry": {
        "type": "Polygon",
        "coordinates": [
          [
            [
              6.6813719,
              7.8661212
            ],
            [
              6.6813851,
              7.8661168
            ],
            [
              6.6813984,
              7.8661209
            ],
            [
              6.6814067,
              7.866132
            ],
            [
              6.6814068,
              7.8661458
            ],
            [
              6.6813987,
              7.866157
            ],
            [
              6.6813855,
              7.8661614
            ],
            [
              6.6813723,
              7.8661573
            ],
            [
              6.681364,
              7.8661462
            ],
            [
              6.6813638,
              7.8661324
            ],
            [
              6.6813719,
              7.8661212
            ]
          ]
        ]
      }
    },
    {
      "type": "Feature",
      "properties": {
        "name": null
      },
      "geometry": {
        "type": "Polygon",
        "coordinates": [
          [
            [
              6.6813706,
              7.8661849
            ],
            [
              6.6813806,
              7.8661903
            ],
            [
              6.6813855,
              7.8662005
            ],
            [
              6.6813834,
              7.8662116
            ],
            [
              6.6813752,
              7.8662193
            ],
            [
              6.6813639,
              7.8662208
            ],
            [
              6.6813539,
              7.8662154
            ],
            [
              6.681349,
              7.8662052
            ],
            [
              6.681351,
              7.8661942
            ],
            [
              6.6813593,
              7.8661864
            ],
            [
              6.6813706,
              7.8661849
            ]
          ]
        ]
      }
    },
    {
      "type": "Feature",
      "properties": {
        "name": null
      },
      "geometry": {
        "type": "Polygon",
        "coordinates": [
          [
            [
              6.6813076,
              7.8661584
            ],
            [
              6.6813177,
              7.8661659
            ],
            [
              6.6813214,
              7.866178
            ],
            [
              6.6813173,
              7.8661899
            ],
            [
              6.6813069,
              7.8661971
            ],
            [
              6.6812941,
              7.8661969
            ],
            [
              6.681284,
              7.8661893
            ],
            [
              6.6812803,
              7.8661772
            ],
            [
              6.6812844,
              7.8661653
            ],
            [
              6.6812948,
              7.8661581
            ],
            [
              6.6813076,
              7.8661584
            ]
          ]
        ]
      }
    },
    {
      "type": "Feature",
      "properties": {
        "name": null
      },
      "geometry": {
        "type": "Polygon",
        "coordinates": [
          [
            [
              6.6812955,
              7.8662646
            ],
            [
              6.6813071,
              7.866261
            ],
            [
              6.6813187,
              7.8662649
            ],
            [
              6.6813257,
              7.8662748
            ],
            [
              6.6813256,
              7.8662868
            ],
            [
              6.6813183,
              7.8662965
            ],
            [
              6.6813066,
              7.8663001
            ],
            [
              6.6812951,
              7.8662962
            ],
            [
              6.6812881,
              7.8662864
            ],
            [
              6.6812882,
              7.8662743
            ],
            [
              6.6812955,
              7.8662646
            ]
          ]
        ]
      }
    },
    {
      "type": "Feature",
      "properties": {
        "name": null
      },
      "geometry": {
        "type": "Polygon",
        "coordinates": [
          [
            [
              6.681262,
              7.8663377
            ],
            [
              6.6812683,
              7.8663475
            ],
            [
              6.6812676,
              7.8663592
            ],
            [
              6.6812602,
              7.8663682
            ],
            [
              6.6812488,
              7.8663712
            ],
            [
              6.6812378,
              7.8663669
            ],
            [
              6.6812314,
              7.8663571
            ],
            [
              6.6812321,
              7.8663455
            ],
            [
              6.6812396,
              7.8663364
            ],
            [
              6.681251,
              7.8663335
            ],
            [
              6.681262,
              7.8663377
            ]
          ]
        ]
      }
    },
    {
      "type": "Feature",
      "properties": {
        "name": null
      },
      "geometry": {
        "type": "Polygon",
        "coordinates": [
          [
            [
              6.6813169,
              7.8663523
            ],
            [
              6.6813303,
              7.8663519
            ],
            [
              6.6813421,
              7.8663583
            ],
            [
              6.6813491,
              7.8663696
            ],
            [
              6.6813495,
              7.8663828
            ],
            [
              6.6813431,
              7.8663945
            ],
            [
              6.6813317,
              7.8664015
            ],
            [
              6.6813183,
              7.8664018
            ],
            [
              6.6813065,
              7.8663955
            ],
            [
              6.6812995,
              7.8663842
            ],
            [
              6.6812991,
              7.8663709
            ],
            [
              6.6813055,
              7.8663593
            ],
            [
              6.6813169,
              7.8663523
            ]
          ]
        ]
      }
    },
    {
      "type": "Feature",
      "properties": {
        "name": null
      },
      "geometry": {
        "type": "Polygon",
        "coordinates": [
          [
            [
              6.6797237,
              7.8697306
            ],
            [
              6.6798201,
              7.8697332
            ],
            [
              6.6798215,
              7.8696841
            ],
            [
              6.679725,
              7.8696815
            ],
            [
              6.6797237,
              7.8697306
            ]
          ]
        ]
      }
    },
    {
      "type": "Feature",
      "properties": {
        "name": null
      },
      "geometry": {
        "type": "Polygon",
        "coordinates": [
          [
            [
              6.6794434,
              7.8701836
            ],
            [
              6.6799356,
              7.870177
            ],
            [
              6.679935,
              7.8701344
            ],
            [
              6.68001,
              7.8701334
            ],
            [
              6.680009,
              7.8700551
            ],
            [
              6.6799339,
              7.8700561
            ],
            [
              6.6799329,
              7.8699829
            ],
            [
              6.6794407,
              7.8699895
            ],
            [
              6.6794418,
              7.8700681
            ],
            [
              6.6793785,
              7.870069
            ],
            [
              6.6793797,
              7.8701513
            ],
            [
              6.679443,
              7.8701505
            ],
            [
              6.6794434,
              7.8701836
            ]
          ]
        ]
      }
    },
    {
      "type": "Feature",
      "properties": {
        "name": null
      },
      "geometry": {
        "type": "Polygon",
        "coordinates": [
          [
            [
              6.6831341,
              7.8639743
            ],
            [
              6.683174,
              7.8639827
            ],
            [
              6.6831914,
              7.8639017
            ],
            [
              6.6831516,
              7.8638933
            ],
            [
              6.6831341,
              7.8639743
            ]
          ]
        ]
      }
    },
    {
      "type": "Feature",
      "properties": {
        "name": "LT B"
      },
      "geometry": {
        "type": "Polygon",
        "coordinates": [
          [
            [
              6.6829732,
              7.8644087
            ],
            [
              6.6831813,
              7.8644248
            ],
            [
              6.6832081,
              7.8640847
            ],
            [
              6.683,
              7.8640686
            ],
            [
              6.6829732,
              7.8644087
            ]
          ]
        ]
      }
    },
    {
      "type": "Feature",
      "properties": {
        "name": null
      },
      "geometry": {
        "type": "Polygon",
        "coordinates": [
          [
            [
              6.6823868,
              7.8642726
            ],
            [
              6.682405,
              7.8642956
            ],
            [
              6.6824492,
              7.8642613
            ],
            [
              6.6824311,
              7.8642383
            ],
            [
              6.6823868,
              7.8642726
            ]
          ]
        ]
      }
    },
    {
      "type": "Feature",
      "properties": {
        "name": "Student Affairs"
      },
      "geometry": {
        "type": "Polygon",
        "coordinates": [
          [
            [
              6.6825384,
              7.864316
            ],
            [
              6.682526,
              7.8643256
            ],
            [
              6.6825556,
              7.8643633
            ],
            [
              6.6825092,
              7.8643991
            ],
            [
              6.6824251,
              7.8642919
            ],
            [
              6.682363,
              7.8643396
            ],
            [
              6.6824664,
              7.8644716
            ],
            [
              6.6825743,
              7.8644866
            ],
            [
              6.6828687,
              7.8642587
            ],
            [
              6.6828712,
              7.8641598
            ],
            [
              6.682768,
              7.8640281
            ],
            [
              6.6827013,
              7.8640794
            ],
            [
              6.6827849,
              7.864186
            ],
            [
              6.68275,
              7.8642128
            ],
            [
              6.6827206,
              7.8641754
            ],
            [
              6.6827083,
              7.8641849
            ],
            [
              6.6825443,
              7.8639757
            ],
            [
              6.6823742,
              7.8641066
            ],
            [
              6.6825384,
              7.864316
            ]
          ]
        ]
      }
    },
    {
      "type": "Feature",
      "properties": {
        "name": null
      },
      "geometry": {
        "type": "Polygon",
        "coordinates": [
          [
            [
              6.6839294,
              7.8525385
            ],
            [
              6.6840099,
              7.8525478
            ],
            [
              6.6840196,
              7.8524651
            ],
            [
              6.6839392,
              7.8524558
            ],
            [
              6.6839294,
              7.8525385
            ]
          ]
        ]
      }
    },
    {
      "type": "Feature",
      "properties": {
        "name": null
      },
      "geometry": {
        "type": "Polygon",
        "coordinates": [
          [
            [
              6.6761161,
              7.8534379
            ],
            [
              6.6761255,
              7.8534572
            ],
            [
              6.6761425,
              7.8534491
            ],
            [
              6.6761331,
              7.8534298
            ],
            [
              6.6761161,
              7.8534379
            ]
          ]
        ]
      }
    },
    {
      "type": "Feature",
      "properties": {
        "name": null
      },
      "geometry": {
        "type": "Polygon",
        "coordinates": [
          [
            [
              6.6759532,
              7.8535714
            ],
            [
              6.6759586,
              7.8535953
            ],
            [
              6.6759821,
              7.8535901
            ],
            [
              6.6759768,
              7.8535662
            ],
            [
              6.6759532,
              7.8535714
            ]
          ]
        ]
      }
    },
    {
      "type": "Feature",
      "properties": {
        "name": null
      },
      "geometry": {
        "type": "Polygon",
        "coordinates": [
          [
            [
              6.6759405,
              7.8536857
            ],
            [
              6.6759438,
              7.8537122
            ],
            [
              6.675966,
              7.8537095
            ],
            [
              6.6759627,
              7.8536829
            ],
            [
              6.6759405,
              7.8536857
            ]
          ]
        ]
      }
    },
    {
      "type": "Feature",
      "properties": {
        "name": null
      },
      "geometry": {
        "type": "Polygon",
        "coordinates": [
          [
            [
              6.6763917,
              7.854069
            ],
            [
              6.6764137,
              7.8540698
            ],
            [
              6.6764144,
              7.8540532
            ],
            [
              6.6763924,
              7.8540524
            ],
            [
              6.6763917,
              7.854069
            ]
          ]
        ]
      }
    },
    {
      "type": "Feature",
      "properties": {
        "name": null
      },
      "geometry": {
        "type": "Polygon",
        "coordinates": [
          [
            [
              6.6763924,
              7.8540417
            ],
            [
              6.6764146,
              7.8540391
            ],
            [
              6.6764099,
              7.8539999
            ],
            [
              6.6763877,
              7.8540025
            ],
            [
              6.6763924,
              7.8540417
            ]
          ]
        ]
      }
    },
    {
      "type": "Feature",
      "properties": {
        "name": null
      },
      "geometry": {
        "type": "Polygon",
        "coordinates": [
          [
            [
              6.6763106,
              7.8543951
            ],
            [
              6.6763488,
              7.8544018
            ],
            [
              6.6763536,
              7.8543748
            ],
            [
              6.6763154,
              7.8543682
            ],
            [
              6.6763106,
              7.8543951
            ]
          ]
        ]
      }
    },
    {
      "type": "Feature",
      "properties": {
        "name": null
      },
      "geometry": {
        "type": "Polygon",
        "coordinates": [
          [
            [
              6.6761409,
              7.8544874
            ],
            [
              6.6761478,
              7.8544972
            ],
            [
              6.6761475,
              7.8545091
            ],
            [
              6.6761403,
              7.8545185
            ],
            [
              6.6761288,
              7.8545219
            ],
            [
              6.6761175,
              7.854518
            ],
            [
              6.6761107,
              7.8545082
            ],
            [
              6.6761109,
              7.8544964
            ],
            [
              6.6761182,
              7.8544869
            ],
            [
              6.6761296,
              7.8544835
            ],
            [
              6.6761409,
              7.8544874
            ]
          ]
        ]
      }
    },
    {
      "type": "Feature",
      "properties": {
        "name": null
      },
      "geometry": {
        "type": "Polygon",
        "coordinates": [
          [
            [
              6.6761959,
              7.8544987
            ],
            [
              6.6762062,
              7.8545041
            ],
            [
              6.6762097,
              7.854515
            ],
            [
              6.6762043,
              7.8545252
            ],
            [
              6.6761933,
              7.8545286
            ],
            [
              6.676183,
              7.8545233
            ],
            [
              6.6761795,
              7.8545124
            ],
            [
              6.6761849,
              7.8545022
            ],
            [
              6.6761959,
              7.8544987
            ]
          ]
        ]
      }
    },
    {
      "type": "Feature",
      "properties": {
        "name": null
      },
      "geometry": {
        "type": "Polygon",
        "coordinates": [
          [
            [
              6.6762496,
              7.8544688
            ],
            [
              6.6762628,
              7.8544711
            ],
            [
              6.6762721,
              7.8544807
            ],
            [
              6.6762739,
              7.8544938
            ],
            [
              6.6762676,
              7.8545055
            ],
            [
              6.6762556,
              7.8545114
            ],
            [
              6.6762424,
              7.8545091
            ],
            [
              6.6762331,
              7.8544995
            ],
            [
              6.6762313,
              7.8544864
            ],
            [
              6.6762375,
              7.8544747
            ],
            [
              6.6762496,
              7.8544688
            ]
          ]
        ]
      }
    },
    {
      "type": "Feature",
      "properties": {
        "name": null
      },
      "geometry": {
        "type": "Polygon",
        "coordinates": [
          [
            [
              6.6762784,
              7.8544111
            ],
            [
              6.6762877,
              7.8544182
            ],
            [
              6.6762891,
              7.8544297
            ],
            [
              6.676282,
              7.8544388
            ],
            [
              6.6762704,
              7.8544403
            ],
            [
              6.6762611,
              7.8544332
            ],
            [
              6.6762596,
              7.8544217
            ],
            [
              6.6762668,
              7.8544125
            ],
            [
              6.6762784,
              7.8544111
            ]
          ]
        ]
      }
    },
    {
      "type": "Feature",
      "properties": {
        "name": null
      },
      "geometry": {
        "type": "Polygon",
        "coordinates": [
          [
            [
              6.676269,
              7.8541925
            ],
            [
              6.6762771,
              7.8541865
            ],
            [
              6.6762872,
              7.8541863
            ],
            [
              6.6762955,
              7.854192
            ],
            [
              6.6762988,
              7.8542015
            ],
            [
              6.6762958,
              7.8542111
            ],
            [
              6.6762878,
              7.8542171
            ],
            [
              6.6762777,
              7.8542173
            ],
            [
              6.6762694,
              7.8542116
            ],
            [
              6.6762661,
              7.8542021
            ],
            [
              6.676269,
              7.8541925
            ]
          ]
        ]
      }
    },
    {
      "type": "Feature",
      "properties": {
        "name": null
      },
      "geometry": {
        "type": "Polygon",
        "coordinates": [
          [
            [
              6.6762207,
              7.8542178
            ],
            [
              6.6762243,
              7.8542286
            ],
            [
              6.6762191,
              7.8542387
            ],
            [
              6.6762082,
              7.8542422
            ],
            [
              6.6761979,
              7.854237
            ],
            [
              6.6761944,
              7.8542262
            ],
            [
              6.6761996,
              7.8542161
            ],
            [
              6.6762105,
              7.8542126
            ],
            [
              6.6762207,
              7.8542178
            ]
          ]
        ]
      }
    },
    {
      "type": "Feature",
      "properties": {
        "name": null
      },
      "geometry": {
        "type": "Polygon",
        "coordinates": [
          [
            [
              6.6762422,
              7.8542569
            ],
            [
              6.6762551,
              7.8542602
            ],
            [
              6.6762635,
              7.8542704
            ],
            [
              6.6762644,
              7.8542835
            ],
            [
              6.6762572,
              7.8542946
            ],
            [
              6.6762449,
              7.8542995
            ],
            [
              6.676232,
              7.8542962
            ],
            [
              6.6762235,
              7.854286
            ],
            [
              6.6762227,
              7.8542729
            ],
            [
              6.6762298,
              7.8542618
            ],
            [
              6.6762422,
              7.8542569
            ]
          ]
        ]
      }
    },
    {
      "type": "Feature",
      "properties": {
        "name": null
      },
      "geometry": {
        "type": "Polygon",
        "coordinates": [
          [
            [
              6.6762456,
              7.8543254
            ],
            [
              6.6762606,
              7.8543222
            ],
            [
              6.6762752,
              7.854327
            ],
            [
              6.6762855,
              7.8543383
            ],
            [
              6.6762886,
              7.8543532
            ],
            [
              6.6762838,
              7.8543677
            ],
            [
              6.6762724,
              7.8543778
            ],
            [
              6.6762573,
              7.854381
            ],
            [
              6.6762427,
              7.8543762
            ],
            [
              6.6762325,
              7.8543649
            ],
            [
              6.6762293,
              7.85435
            ],
            [
              6.6762341,
              7.8543355
            ],
            [
              6.6762456,
              7.8543254
            ]
          ]
        ]
      }
    },
    {
      "type": "Feature",
      "properties": {
        "name": null
      },
      "geometry": {
        "type": "Polygon",
        "coordinates": [
          [
            [
              6.6761228,
              7.85432
            ],
            [
              6.676137,
              7.854322
            ],
            [
              6.6761483,
              7.8543308
            ],
            [
              6.6761537,
              7.854344
            ],
            [
              6.6761517,
              7.854358
            ],
            [
              6.6761428,
              7.8543692
            ],
            [
              6.6761295,
              7.8543745
            ],
            [
              6.6761154,
              7.8543725
            ],
            [
              6.6761041,
              7.8543638
            ],
            [
              6.6760987,
              7.8543506
            ],
            [
              6.6761007,
              7.8543365
            ],
            [
              6.6761095,
              7.8543254
            ],
            [
              6.6761228,
              7.85432
            ]
          ]
        ]
      }
    },
    {
      "type": "Feature",
      "properties": {
        "name": null
      },
      "geometry": {
        "type": "Polygon",
        "coordinates": [
          [
            [
              6.6761215,
              7.8542304
            ],
            [
              6.6761239,
              7.854243
            ],
            [
              6.6761183,
              7.8542546
            ],
            [
              6.6761069,
              7.8542608
            ],
            [
              6.6760941,
              7.8542591
            ],
            [
              6.6760846,
              7.8542503
            ],
            [
              6.6760822,
              7.8542377
            ],
            [
              6.6760878,
              7.854226
            ],
            [
              6.6760992,
              7.8542199
            ],
            [
              6.6761121,
              7.8542215
            ],
            [
              6.6761215,
              7.8542304
            ]
          ]
        ]
      }
    },
    {
      "type": "Feature",
      "properties": {
        "name": null
      },
      "geometry": {
        "type": "Polygon",
        "coordinates": [
          [
            [
              6.6761899,
              7.8541095
            ],
            [
              6.6761992,
              7.8541049
            ],
            [
              6.6762095,
              7.8541067
            ],
            [
              6.6762167,
              7.8541141
            ],
            [
              6.6762182,
              7.8541243
            ],
            [
              6.6762134,
              7.8541334
            ],
            [
              6.676204,
              7.8541379
            ],
            [
              6.6761938,
              7.8541362
            ],
            [
              6.6761865,
              7.8541288
            ],
            [
              6.676185,
              7.8541186
            ],
            [
              6.6761899,
              7.8541095
            ]
          ]
        ]
      }
    },
    {
      "type": "Feature",
      "properties": {
        "name": null
      },
      "geometry": {
        "type": "Polygon",
        "coordinates": [
          [
            [
              6.6762409,
              7.8540391
            ],
            [
              6.6762447,
              7.8540498
            ],
            [
              6.6762415,
              7.8540608
            ],
            [
              6.6762324,
              7.8540677
            ],
            [
              6.6762209,
              7.8540681
            ],
            [
              6.6762114,
              7.8540616
            ],
            [
              6.6762075,
              7.8540509
            ],
            [
              6.6762107,
              7.8540399
            ],
            [
              6.6762198,
              7.854033
            ],
            [
              6.6762313,
              7.8540326
            ],
            [
              6.6762409,
              7.8540391
            ]
          ]
        ]
      }
    },
    {
      "type": "Feature",
      "properties": {
        "name": null
      },
      "geometry": {
        "type": "Polygon",
        "coordinates": [
          [
            [
              6.6762851,
              7.8540643
            ],
            [
              6.6762999,
              7.8540652
            ],
            [
              6.6763113,
              7.8540745
            ],
            [
              6.676315,
              7.8540886
            ],
            [
              6.6763096,
              7.8541023
            ],
            [
              6.6762972,
              7.8541101
            ],
            [
              6.6762824,
              7.8541093
            ],
            [
              6.676271,
              7.8541
            ],
            [
              6.6762673,
              7.8540858
            ],
            [
              6.6762727,
              7.8540722
            ],
            [
              6.6762851,
              7.8540643
            ]
          ]
        ]
      }
    },
    {
      "type": "Feature",
      "properties": {
        "name": null
      },
      "geometry": {
        "type": "Polygon",
        "coordinates": [
          [
            [
              6.6763414,
              7.8541174
            ],
            [
              6.6763553,
              7.8541192
            ],
            [
              6.6763665,
              7.8541276
            ],
            [
              6.676372,
              7.8541404
            ],
            [
              6.6763702,
              7.8541541
            ],
            [
              6.6763617,
              7.8541652
            ],
            [
              6.6763488,
              7.8541706
            ],
            [
              6.6763349,
              7.8541689
            ],
            [
              6.6763237,
              7.8541605
            ],
            [
              6.6763183,
              7.8541477
            ],
            [
              6.6763201,
              7.8541339
            ],
            [
              6.6763285,
              7.8541228
            ],
            [
              6.6763414,
              7.8541174
            ]
          ]
        ]
      }
    },
    {
      "type": "Feature",
      "properties": {
        "name": null
      },
      "geometry": {
        "type": "Polygon",
        "coordinates": [
          [
            [
              6.6758493,
              7.8535734
            ],
            [
              6.6758594,
              7.8535836
            ],
            [
              6.6758616,
              7.8535978
            ],
            [
              6.675855,
              7.8536105
            ],
            [
              6.6758421,
              7.8536169
            ],
            [
              6.6758278,
              7.8536146
            ],
            [
              6.6758176,
              7.8536044
            ],
            [
              6.6758154,
              7.8535903
            ],
            [
              6.6758221,
              7.8535775
            ],
            [
              6.675835,
              7.8535711
            ],
            [
              6.6758493,
              7.8535734
            ]
          ]
        ]
      }
    },
    {
      "type": "Feature",
      "properties": {
        "name": null
      },
      "geometry": {
        "type": "Polygon",
        "coordinates": [
          [
            [
              6.6761845,
              7.8535787
            ],
            [
              6.6761974,
              7.8535768
            ],
            [
              6.6762089,
              7.8535827
            ],
            [
              6.6762147,
              7.8535942
            ],
            [
              6.6762126,
              7.8536069
            ],
            [
              6.6762033,
              7.8536159
            ],
            [
              6.6761905,
              7.8536178
            ],
            [
              6.676179,
              7.8536119
            ],
            [
              6.6761732,
              7.8536004
            ],
            [
              6.6761753,
              7.8535878
            ],
            [
              6.6761845,
              7.8535787
            ]
          ]
        ]
      }
    },
    {
      "type": "Feature",
      "properties": {
        "name": null
      },
      "geometry": {
        "type": "Polygon",
        "coordinates": [
          [
            [
              6.6761202,
              7.8536173
            ],
            [
              6.6761322,
              7.8536151
            ],
            [
              6.6761432,
              7.8536203
            ],
            [
              6.676149,
              7.853631
            ],
            [
              6.6761474,
              7.853643
            ],
            [
              6.6761389,
              7.8536518
            ],
            [
              6.6761269,
              7.853654
            ],
            [
              6.6761159,
              7.8536487
            ],
            [
              6.6761101,
              7.853638
            ],
            [
              6.6761117,
              7.853626
            ],
            [
              6.6761202,
              7.8536173
            ]
          ]
        ]
      }
    },
    {
      "type": "Feature",
      "properties": {
        "name": null
      },
      "geometry": {
        "type": "Polygon",
        "coordinates": [
          [
            [
              6.676096,
              7.8536704
            ],
            [
              6.6761105,
              7.8536673
            ],
            [
              6.6761241,
              7.8536733
            ],
            [
              6.6761316,
              7.853686
            ],
            [
              6.6761301,
              7.8537006
            ],
            [
              6.6761202,
              7.8537116
            ],
            [
              6.6761056,
              7.8537147
            ],
            [
              6.6760921,
              7.8537087
            ],
            [
              6.6760846,
              7.853696
            ],
            [
              6.6760861,
              7.8536814
            ],
            [
              6.676096,
              7.8536704
            ]
          ]
        ]
      }
    },
    {
      "type": "Feature",
      "properties": {
        "name": null
      },
      "geometry": {
        "type": "Polygon",
        "coordinates": [
          [
            [
              6.6772829,
              7.8500893
            ],
            [
              6.6773176,
              7.8501449
            ],
            [
              6.6773685,
              7.8501137
            ],
            [
              6.6773339,
              7.8500581
            ],
            [
              6.6772829,
              7.8500893
            ]
          ]
        ]
      }
    },
    {
      "type": "Feature",
      "properties": {
        "name": null
      },
      "geometry": {
        "type": "Polygon",
        "coordinates": [
          [
            [
              6.6770663,
              7.8481145
            ],
            [
              6.6771474,
              7.8481738
            ],
            [
              6.6772326,
              7.8480596
            ],
            [
              6.6771515,
              7.8480002
            ],
            [
              6.6770663,
              7.8481145
            ]
          ]
        ]
      }
    },
    {
      "type": "Feature",
      "properties": {
        "name": null
      },
      "geometry": {
        "type": "Polygon",
        "coordinates": [
          [
            [
              6.6763528,
              7.8489196
            ],
            [
              6.6765466,
              7.849085
            ],
            [
              6.6765824,
              7.8490439
            ],
            [
              6.6763886,
              7.8488785
            ],
            [
              6.6763528,
              7.8489196
            ]
          ]
        ]
      }
    },
    {
      "type": "Feature",
      "properties": {
        "name": null
      },
      "geometry": {
        "type": "Polygon",
        "coordinates": [
          [
            [
              6.6752263,
              7.8487488
            ],
            [
              6.6753121,
              7.8487621
            ],
            [
              6.6753258,
              7.8486758
            ],
            [
              6.6752399,
              7.8486625
            ],
            [
              6.6752263,
              7.8487488
            ]
          ]
        ]
      }
    },
    {
      "type": "Feature",
      "properties": {
        "name": null
      },
      "geometry": {
        "type": "Polygon",
        "coordinates": [
          [
            [
              6.6795829,
              7.8490777
            ],
            [
              6.6796119,
              7.8490749
            ],
            [
              6.6796092,
              7.849047
            ],
            [
              6.6795802,
              7.8490498
            ],
            [
              6.6795829,
              7.8490777
            ]
          ]
        ]
      }
    },
    {
      "type": "Feature",
      "properties": {
        "name": null
      },
      "geometry": {
        "type": "Polygon",
        "coordinates": [
          [
            [
              6.6795567,
              7.848984
            ],
            [
              6.6795755,
              7.8490059
            ],
            [
              6.6795974,
              7.8489875
            ],
            [
              6.6795786,
              7.8489656
            ],
            [
              6.6795567,
              7.848984
            ]
          ]
        ]
      }
    },
    {
      "type": "Feature",
      "properties": {
        "name": null
      },
      "geometry": {
        "type": "Polygon",
        "coordinates": [
          [
            [
              6.6794669,
              7.848891
            ],
            [
              6.6794902,
              7.8489146
            ],
            [
              6.6795237,
              7.848882
            ],
            [
              6.6795004,
              7.8488585
            ],
            [
              6.6794669,
              7.848891
            ]
          ]
        ]
      }
    },
    {
      "type": "Feature",
      "properties": {
        "name": null
      },
      "geometry": {
        "type": "Polygon",
        "coordinates": [
          [
            [
              6.6794206,
              7.8487362
            ],
            [
              6.6794821,
              7.8488044
            ],
            [
              6.6796645,
              7.848643
            ],
            [
              6.679603,
              7.8485748
            ],
            [
              6.6794206,
              7.8487362
            ]
          ]
        ]
      }
    },
    {
      "type": "Feature",
      "properties": {
        "name": null
      },
      "geometry": {
        "type": "Polygon",
        "coordinates": [
          [
            [
              6.6795889,
              7.848509
            ],
            [
              6.679625,
              7.8485493
            ],
            [
              6.6796726,
              7.8485074
            ],
            [
              6.6796365,
              7.8484672
            ],
            [
              6.6795889,
              7.848509
            ]
          ]
        ]
      }
    },
    {
      "type": "Feature",
      "properties": {
        "name": null
      },
      "geometry": {
        "type": "Polygon",
        "coordinates": [
          [
            [
              6.6793583,
              7.8484041
            ],
            [
              6.6794092,
              7.8484699
            ],
            [
              6.679442,
              7.8484449
            ],
            [
              6.679391,
              7.8483792
            ],
            [
              6.6793583,
              7.8484041
            ]
          ]
        ]
      }
    },
    {
      "type": "Feature",
      "properties": {
        "name": null
      },
      "geometry": {
        "type": "Polygon",
        "coordinates": [
          [
            [
              6.6791256,
              7.8485894
            ],
            [
              6.6791702,
              7.8486377
            ],
            [
              6.6792675,
              7.8485493
            ],
            [
              6.6792228,
              7.8485011
            ],
            [
              6.6791256,
              7.8485894
            ]
          ]
        ]
      }
    },
    {
      "type": "Feature",
      "properties": {
        "name": null
      },
      "geometry": {
        "type": "Polygon",
        "coordinates": [
          [
            [
              6.678854,
              7.8485954
            ],
            [
              6.6788768,
              7.848618
            ],
            [
              6.6788979,
              7.8485971
            ],
            [
              6.6788751,
              7.8485745
            ],
            [
              6.678854,
              7.8485954
            ]
          ]
        ]
      }
    },
    {
      "type": "Feature",
      "properties": {
        "name": null
      },
      "geometry": {
        "type": "Polygon",
        "coordinates": [
          [
            [
              6.6784597,
              7.8481948
            ],
            [
              6.6785073,
              7.8482573
            ],
            [
              6.678548,
              7.8482268
            ],
            [
              6.6785004,
              7.8481644
            ],
            [
              6.6784597,
              7.8481948
            ]
          ]
        ]
      }
    },
    {
      "type": "Feature",
      "properties": {
        "name": null
      },
      "geometry": {
        "type": "Polygon",
        "coordinates": [
          [
            [
              6.6788734,
              7.8687814
            ],
            [
              6.6790082,
              7.8687801
            ],
            [
              6.6790077,
              7.8687237
            ],
            [
              6.6788729,
              7.868725
            ],
            [
              6.6788734,
              7.8687814
            ]
          ]
        ]
      }
    },
    {
      "type": "Feature",
      "properties": {
        "name": null
      },
      "geometry": {
        "type": "Polygon",
        "coordinates": [
          [
            [
              6.6786522,
              7.8656874
            ],
            [
              6.6786914,
              7.8656477
            ],
            [
              6.678627,
              7.8655853
            ],
            [
              6.6785878,
              7.865625
            ],
            [
              6.6786522,
              7.8656874
            ]
          ]
        ]
      }
    },
    {
      "type": "Feature",
      "properties": {
        "name": null
      },
      "geometry": {
        "type": "Polygon",
        "coordinates": [
          [
            [
              6.6788939,
              7.8657997
            ],
            [
              6.6789978,
              7.8657615
            ],
            [
              6.6789802,
              7.8657144
            ],
            [
              6.6788763,
              7.8657526
            ],
            [
              6.6788939,
              7.8657997
            ]
          ]
        ]
      }
    },
    {
      "type": "Feature",
      "properties": {
        "name": null
      },
      "geometry": {
        "type": "Polygon",
        "coordinates": [
          [
            [
              6.6787128,
              7.865497
            ],
            [
              6.6790641,
              7.8654878
            ],
            [
              6.6790586,
              7.8652807
            ],
            [
              6.6787073,
              7.8652898
            ],
            [
              6.6787128,
              7.865497
            ]
          ]
        ]
      }
    },
    {
      "type": "Feature",
      "properties": {
        "name": null
      },
      "geometry": {
        "type": "Polygon",
        "coordinates": [
          [
            [
              6.6822101,
              7.8518729
            ],
            [
              6.6822216,
              7.8519013
            ],
            [
              6.6823021,
              7.8518694
            ],
            [
              6.6822906,
              7.851841
            ],
            [
              6.6822101,
              7.8518729
            ]
          ]
        ]
      }
    },
    {
      "type": "Feature",
      "properties": {
        "name": null
      },
      "geometry": {
        "type": "Polygon",
        "coordinates": [
          [
            [
              6.682355,
              7.8515262
            ],
            [
              6.6823885,
              7.8515727
            ],
            [
              6.6824164,
              7.8515529
            ],
            [
              6.6823829,
              7.8515064
            ],
            [
              6.682355,
              7.8515262
            ]
          ]
        ]
      }
    },
    {
      "type": "Feature",
      "properties": {
        "name": null
      },
      "geometry": {
        "type": "Polygon",
        "coordinates": [
          [
            [
              6.6823268,
              7.8520908
            ],
            [
              6.6823661,
              7.8521255
            ],
            [
              6.6823893,
              7.8520996
            ],
            [
              6.6823993,
              7.8521084
            ],
            [
              6.6824417,
              7.8520612
            ],
            [
              6.6823925,
              7.8520177
            ],
            [
              6.6823268,
              7.8520908
            ]
          ]
        ]
      }
    },
    {
      "type": "Feature",
      "properties": {
        "name": null
      },
      "geometry": {
        "type": "Polygon",
        "coordinates": [
          [
            [
              6.6823643,
              7.8519619
            ],
            [
              6.6824341,
              7.852031
            ],
            [
              6.682485,
              7.8519805
            ],
            [
              6.6824153,
              7.8519114
            ],
            [
              6.6823643,
              7.8519619
            ]
          ]
        ]
      }
    },
    {
      "type": "Feature",
      "properties": {
        "name": null
      },
      "geometry": {
        "type": "Polygon",
        "coordinates": [
          [
            [
              6.6819862,
              7.8508911
            ],
            [
              6.6820182,
              7.8509127
            ],
            [
              6.6820692,
              7.8508383
            ],
            [
              6.6820371,
              7.8508167
            ],
            [
              6.6819862,
              7.8508911
            ]
          ]
        ]
      }
    },
    {
      "type": "Feature",
      "properties": {
        "name": null
      },
      "geometry": {
        "type": "Polygon",
        "coordinates": [
          [
            [
              6.6819084,
              7.8511914
            ],
            [
              6.6819448,
              7.8512354
            ],
            [
              6.682079,
              7.8511265
            ],
            [
              6.6820425,
              7.8510824
            ],
            [
              6.6819084,
              7.8511914
            ]
          ]
        ]
      }
    },
    {
      "type": "Feature",
      "properties": {
        "name": null
      },
      "geometry": {
        "type": "Polygon",
        "coordinates": [
          [
            [
              6.6831891,
              7.8488598
            ],
            [
              6.6832227,
              7.8488664
            ],
            [
              6.6832315,
              7.8488227
            ],
            [
              6.6831979,
              7.8488161
            ],
            [
              6.6831891,
              7.8488598
            ]
          ]
        ]
      }
    },
    {
      "type": "Feature",
      "properties": {
        "name": null
      },
      "geometry": {
        "type": "Polygon",
        "coordinates": [
          [
            [
              6.6830671,
              7.8489182
            ],
            [
              6.6831382,
              7.8489342
            ],
            [
              6.6831518,
              7.8488746
            ],
            [
              6.6830807,
              7.8488587
            ],
            [
              6.6830671,
              7.8489182
            ]
          ]
        ]
      }
    },
    {
      "type": "Feature",
      "properties": {
        "name": null
      },
      "geometry": {
        "type": "Polygon",
        "coordinates": [
          [
            [
              6.6830389,
              7.8487283
            ],
            [
              6.6831355,
              7.8487429
            ],
            [
              6.683139,
              7.8487199
            ],
            [
              6.6830425,
              7.8487053
            ],
            [
              6.6830389,
              7.8487283
            ]
          ]
        ]
      }
    },
    {
      "type": "Feature",
      "properties": {
        "name": null
      },
      "geometry": {
        "type": "Polygon",
        "coordinates": [
          [
            [
              6.6831167,
              7.848695
            ],
            [
              6.683161,
              7.8487097
            ],
            [
              6.6831705,
              7.8486814
            ],
            [
              6.6831262,
              7.8486667
            ],
            [
              6.6831167,
              7.848695
            ]
          ]
        ]
      }
    },
    {
      "type": "Feature",
      "properties": {
        "name": null
      },
      "geometry": {
        "type": "Polygon",
        "coordinates": [
          [
            [
              6.6840917,
              7.8499744
            ],
            [
              6.6841252,
              7.8499744
            ],
            [
              6.6841252,
              7.8498575
            ],
            [
              6.6840917,
              7.8498575
            ],
            [
              6.6840917,
              7.8499744
            ]
          ]
        ]
      }
    },
    {
      "type": "Feature",
      "properties": {
        "name": null
      },
      "geometry": {
        "type": "Polygon",
        "coordinates": [
          [
            [
              6.6840474,
              7.8499665
            ],
            [
              6.6840703,
              7.8499662
            ],
            [
              6.684069,
              7.8498652
            ],
            [
              6.6840461,
              7.8498655
            ],
            [
              6.6840474,
              7.8499665
            ]
          ]
        ]
      }
    },
    {
      "type": "Feature",
      "properties": {
        "name": null
      },
      "geometry": {
        "type": "Polygon",
        "coordinates": [
          [
            [
              6.6826929,
              7.8522064
            ],
            [
              6.6826953,
              7.8522368
            ],
            [
              6.6827301,
              7.8522342
            ],
            [
              6.6827278,
              7.8522037
            ],
            [
              6.6826929,
              7.8522064
            ]
          ]
        ]
      }
    },
    {
      "type": "Feature",
      "properties": {
        "name": null
      },
      "geometry": {
        "type": "Polygon",
        "coordinates": [
          [
            [
              6.6825964,
              7.8522263
            ],
            [
              6.6826015,
              7.8522494
            ],
            [
              6.6826444,
              7.8522401
            ],
            [
              6.6826393,
              7.852217
            ],
            [
              6.6825964,
              7.8522263
            ]
          ]
        ]
      }
    },
    {
      "type": "Feature",
      "properties": {
        "name": null
      },
      "geometry": {
        "type": "Polygon",
        "coordinates": [
          [
            [
              6.6828143,
              7.8494636
            ],
            [
              6.6829383,
              7.8494981
            ],
            [
              6.6829454,
              7.8494733
            ],
            [
              6.6828213,
              7.8494387
            ],
            [
              6.6828143,
              7.8494636
            ]
          ]
        ]
      }
    },
    {
      "type": "Feature",
      "properties": {
        "name": null
      },
      "geometry": {
        "type": "Polygon",
        "coordinates": [
          [
            [
              6.6828572,
              7.8494118
            ],
            [
              6.6829142,
              7.8494171
            ],
            [
              6.6829179,
              7.8493781
            ],
            [
              6.6828609,
              7.8493728
            ],
            [
              6.6828572,
              7.8494118
            ]
          ]
        ]
      }
    },
    {
      "type": "Feature",
      "properties": {
        "name": null
      },
      "geometry": {
        "type": "Polygon",
        "coordinates": [
          [
            [
              6.6830577,
              7.8494862
            ],
            [
              6.6830902,
              7.8494879
            ],
            [
              6.6830922,
              7.8494514
            ],
            [
              6.6830597,
              7.8494497
            ],
            [
              6.6830577,
              7.8494862
            ]
          ]
        ]
      }
    },
    {
      "type": "Feature",
      "properties": {
        "name": null
      },
      "geometry": {
        "type": "Polygon",
        "coordinates": [
          [
            [
              6.6829947,
              7.8493527
            ],
            [
              6.6830253,
              7.8493487
            ],
            [
              6.6830212,
              7.8493182
            ],
            [
              6.6829906,
              7.8493221
            ],
            [
              6.6829947,
              7.8493527
            ]
          ]
        ]
      }
    },
    {
      "type": "Feature",
      "properties": {
        "name": null
      },
      "geometry": {
        "type": "Polygon",
        "coordinates": [
          [
            [
              6.6828257,
              7.849257
            ],
            [
              6.6829316,
              7.8492789
            ],
            [
              6.6829357,
              7.8492597
            ],
            [
              6.6828297,
              7.8492378
            ],
            [
              6.6828257,
              7.849257
            ]
          ]
        ]
      }
    },
    {
      "type": "Feature",
      "properties": {
        "name": null
      },
      "geometry": {
        "type": "Polygon",
        "coordinates": [
          [
            [
              6.6828022,
              7.8492145
            ],
            [
              6.6828395,
              7.8492201
            ],
            [
              6.6828516,
              7.849141
            ],
            [
              6.6828143,
              7.8491355
            ],
            [
              6.6828022,
              7.8492145
            ]
          ]
        ]
      }
    },
    {
      "type": "Feature",
      "properties": {
        "name": null
      },
      "geometry": {
        "type": "Polygon",
        "coordinates": [
          [
            [
              6.6810306,
              7.8499804
            ],
            [
              6.6810533,
              7.8499919
            ],
            [
              6.6810849,
              7.8499308
            ],
            [
              6.6810621,
              7.8499193
            ],
            [
              6.6810306,
              7.8499804
            ]
          ]
        ]
      }
    },
    {
      "type": "Feature",
      "properties": {
        "name": null
      },
      "geometry": {
        "type": "Polygon",
        "coordinates": [
          [
            [
              6.6810796,
              7.8499665
            ],
            [
              6.6811474,
              7.8500251
            ],
            [
              6.6812118,
              7.8499521
            ],
            [
              6.6811439,
              7.8498934
            ],
            [
              6.6810796,
              7.8499665
            ]
          ]
        ]
      }
    },
    {
      "type": "Feature",
      "properties": {
        "name": null
      },
      "geometry": {
        "type": "Polygon",
        "coordinates": [
          [
            [
              6.6832978,
              7.8520137
            ],
            [
              6.6833447,
              7.8520443
            ],
            [
              6.6833639,
              7.8520153
            ],
            [
              6.683317,
              7.8519847
            ],
            [
              6.6832978,
              7.8520137
            ]
          ]
        ]
      }
    },
    {
      "type": "Feature",
      "properties": {
        "name": null
      },
      "geometry": {
        "type": "Polygon",
        "coordinates": [
          [
            [
              6.6831596,
              7.8522343
            ],
            [
              6.6831999,
              7.8522622
            ],
            [
              6.6832151,
              7.8522406
            ],
            [
              6.6831749,
              7.8522127
            ],
            [
              6.6831596,
              7.8522343
            ]
          ]
        ]
      }
    },
    {
      "type": "Feature",
      "properties": {
        "name": null
      },
      "geometry": {
        "type": "Polygon",
        "coordinates": [
          [
            [
              6.6828941,
              7.8526594
            ],
            [
              6.6829303,
              7.8526873
            ],
            [
              6.6829428,
              7.8526714
            ],
            [
              6.6829066,
              7.8526435
            ],
            [
              6.6828941,
              7.8526594
            ]
          ]
        ]
      }
    },
    {
      "type": "Feature",
      "properties": {
        "name": "Stadium Seat"
      },
      "geometry": {
        "type": "Polygon",
        "coordinates": [
          [
            [
              6.6851157,
              7.8564821
            ],
            [
              6.6852566,
              7.856497
            ],
            [
              6.6852868,
              7.8560731
            ],
            [
              6.6851408,
              7.8560432
            ],
            [
              6.6851157,
              7.8564821
            ]
          ]
        ]
      }
    },
    {
      "type": "Feature",
      "properties": {
        "name": "Central Mosque"
      },
      "geometry": {
        "type": "Polygon",
        "coordinates": [
          [
            [
              6.6830889,
              7.8542048
            ],
            [
              6.6832436,
              7.8543025
            ],
            [
              6.6832695,
              7.854269
            ],
            [
              6.6832854,
              7.8542832
            ],
            [
              6.6833149,
              7.8542497
            ],
            [
              6.6832976,
              7.8542333
            ],
            [
              6.6833134,
              7.8542155
            ],
            [
              6.6833026,
              7.8542005
            ],
            [
              6.6833185,
              7.8541863
            ],
            [
              6.6831637,
              7.8540857
            ],
            [
              6.6831349,
              7.854125
            ],
            [
              6.6831083,
              7.85411
            ],
            [
              6.6830889,
              7.8541342
            ],
            [
              6.6831141,
              7.8541563
            ],
            [
              6.6830817,
              7.8541998
            ],
            [
              6.6830889,
              7.8542048
            ]
          ]
        ]
      }
    },
    {
      "type": "Feature",
      "properties": {
        "name": "School Clinic"
      },
      "geometry": {
        "type": "Polygon",
        "coordinates": [
          [
            [
              6.6832573,
              7.8578145
            ],
            [
              6.6834048,
              7.8578038
            ],
            [
              6.6833796,
              7.8576274
            ],
            [
              6.6833436,
              7.8576184
            ],
            [
              6.6833382,
              7.8575489
            ],
            [
              6.6833616,
              7.8575454
            ],
            [
              6.6833472,
              7.8573886
            ],
            [
              6.6831691,
              7.8573975
            ],
            [
              6.6831871,
              7.8575596
            ],
            [
              6.6833094,
              7.8575418
            ],
            [
              6.6833166,
              7.8576184
            ],
            [
              6.6832357,
              7.8576327
            ],
            [
              6.6832573,
              7.8578145
            ]
          ]
        ]
      }
    },
    {
      "type": "Feature",
      "properties": {
        "name": null
      },
      "geometry": {
        "type": "Polygon",
        "coordinates": [
          [
            [
              6.6821382,
              7.8610248
            ],
            [
              6.6822069,
              7.8610153
            ],
            [
              6.6822031,
              7.8609208
            ],
            [
              6.6821306,
              7.860934
            ],
            [
              6.6821382,
              7.8610248
            ]
          ]
        ]
      }
    },
    {
      "type": "Feature",
      "properties": {
        "name": "EDS"
      },
      "geometry": {
        "type": "Polygon",
        "coordinates": [
          [
            [
              6.6840457,
              7.8610211
            ],
            [
              6.6842686,
              7.8610542
            ],
            [
              6.6843206,
              7.8608371
            ],
            [
              6.6840866,
              7.8607892
            ],
            [
              6.6840717,
              7.8608371
            ],
            [
              6.6840457,
              7.8610211
            ]
          ]
        ]
      }
    },
    {
      "type": "Feature",
      "properties": {
        "name": "Media and Studio"
      },
      "geometry": {
        "type": "Polygon",
        "coordinates": [
          [
            [
              6.684042,
              7.861849
            ],
            [
              6.684172,
              7.8618122
            ],
            [
              6.68412,
              7.8615914
            ],
            [
              6.6842352,
              7.8615694
            ],
            [
              6.6842426,
              7.8614884
            ],
            [
              6.6841534,
              7.8614516
            ],
            [
              6.6841943,
              7.8612455
            ],
            [
              6.6840717,
              7.8612051
            ],
            [
              6.6839751,
              7.8614847
            ],
            [
              6.684042,
              7.861849
            ]
          ]
        ]
      }
    },
    {
      "type": "Feature",
      "properties": {
        "name": "Faculty of Management Science"
      },
      "geometry": {
        "type": "Polygon",
        "coordinates": [
          [
            [
              6.6822404,
              7.8622427
            ],
            [
              6.6823333,
              7.8622611
            ],
            [
              6.682623,
              7.8622722
            ],
            [
              6.6825821,
              7.8621728
            ],
            [
              6.6824596,
              7.8621728
            ],
            [
              6.6824596,
              7.8620072
            ],
            [
              6.6825153,
              7.8620072
            ],
            [
              6.6825116,
              7.8619042
            ],
            [
              6.6824633,
              7.8619079
            ],
            [
              6.6824781,
              7.8617423
            ],
            [
              6.6826267,
              7.8617349
            ],
            [
              6.6826267,
              7.8616319
            ],
            [
              6.6822701,
              7.8616135
            ],
            [
              6.6822627,
              7.8617791
            ],
            [
              6.6823778,
              7.8619189
            ],
            [
              6.6822515,
              7.8620882
            ],
            [
              6.6822404,
              7.8622427
            ]
          ]
        ]
      }
    },
    {
      "type": "Feature",
      "properties": {
        "name": "Islamic Studies"
      },
      "geometry": {
        "type": "Polygon",
        "coordinates": [
          [
            [
              6.6823527,
              7.8604548
            ],
            [
              6.6827347,
              7.860396
            ],
            [
              6.6827295,
              7.8601709
            ],
            [
              6.6823372,
              7.8602144
            ],
            [
              6.6823527,
              7.8604548
            ]
          ]
        ]
      }
    },
    {
      "type": "Feature",
      "properties": {
        "name": "St Francisca Hall"
      },
      "geometry": {
        "type": "Polygon",
        "coordinates": [
          [
            [
              6.6840106,
              7.8594165
            ],
            [
              6.6841316,
              7.8594223
            ],
            [
              6.6841404,
              7.8592586
            ],
            [
              6.6840224,
              7.8592498
            ],
            [
              6.6840106,
              7.8594165
            ]
          ]
        ]
      }
    },
    {
      "type": "Feature",
      "properties": {
        "name": null
      },
      "geometry": {
        "type": "Polygon",
        "coordinates": [
          [
            [
              6.6842231,
              7.8540551
            ],
            [
              6.6844975,
              7.8541311
            ],
            [
              6.6845831,
              7.8536283
            ],
            [
              6.6842968,
              7.8535962
            ],
            [
              6.6842231,
              7.8540551
            ]
          ]
        ]
      }
    },
    {
      "type": "Feature",
      "properties": {
        "name": "Market"
      },
      "geometry": {
        "type": "Polygon",
        "coordinates": [
          [
            [
              6.6811901,
              7.8637767
            ],
            [
              6.6815899,
              7.8636931
            ],
            [
              6.6815111,
              7.8633695
            ],
            [
              6.6811225,
              7.8634588
            ],
            [
              6.6811901,
              7.8637767
            ]
          ]
        ]
      }
    },
    {
      "type": "Feature",
      "properties": {
        "name": "Security"
      },
      "geometry": {
        "type": "Polygon",
        "coordinates": [
          [
            [
              6.6824442,
              7.8680977
            ],
            [
              6.6826591,
              7.8681228
            ],
            [
              6.6826717,
              7.8679224
            ],
            [
              6.6824378,
              7.8679161
            ],
            [
              6.6824442,
              7.8680977
            ]
          ]
        ]
      }
    },
    {
      "type": "Feature",
      "properties": {
        "name": "ICT"
      },
      "geometry": {
        "type": "Polygon",
        "coordinates": [
          [
            [
              6.6862409,
              7.869114
            ],
            [
              6.6866471,
              7.869114
            ],
            [
              6.6866591,
              7.8687406
            ],
            [
              6.6864664,
              7.8687492
            ],
            [
              6.6864595,
              7.8689571
            ],
            [
              6.6862306,
              7.8689571
            ],
            [
              6.6862409,
              7.869114
            ]
          ]
        ]
      }
    },
    {
      "type": "Feature",
      "properties": {
        "name": "Faculty of Engineering"
      },
      "geometry": {
        "type": "Polygon",
        "coordinates": [
          [
            [
              6.6829139,
              7.8697426
            ],
            [
              6.683603,
              7.8697794
            ],
            [
              6.683603,
              7.8695385
            ],
            [
              6.6829004,
              7.8695285
            ],
            [
              6.6829139,
              7.8697426
            ]
          ]
        ]
      }
    }
  ]
}
